{
    "loss": 0.16707956790924072,
    "accuracy": 0.9655172228813171
}